{
  "Baseline": {
    "accuracy": 0.72,
    "eo_disparity": 0.3142857142857143,
    "n_selected": 700.0
  },
  "Greedy": {
    "accuracy": 0.7233333333333334,
    "eo_disparity": 0.34285714285714286,
    "n_selected": 489.0
  },
  "Balanced Sampling": {
    "accuracy": 0.73,
    "eo_disparity": 0.37142857142857144,
    "n_selected": 489.0
  },
  "Lagrangian (\u03bb=0.5)": {
    "accuracy": 0.73,
    "eo_disparity": 0.45714285714285713,
    "n_selected": 489.0
  },
  "Lagrangian (\u03bb=1.0)": {
    "accuracy": 0.7266666666666667,
    "eo_disparity": 0.42857142857142855,
    "n_selected": 489.0
  },
  "Lagrangian (\u03bb=2.0)": {
    "accuracy": 0.7266666666666667,
    "eo_disparity": 0.42857142857142855,
    "n_selected": 489.0
  },
  "Lagrangian (\u03bb=5.0)": {
    "accuracy": 0.7266666666666667,
    "eo_disparity": 0.42857142857142855,
    "n_selected": 489.0
  },
  "Iterative": {
    "accuracy": 0.7133333333333334,
    "eo_disparity": 0.37142857142857144,
    "n_selected": 489.0
  }
}