{
  "baseline": {
    "accuracy": 0.72,
    "eo_disparity": 0.3142857142857143
  },
  "greedy": {
    "accuracy": 0.7233333333333334,
    "eo_disparity": 0.34285714285714286
  },
  "meta_pretrained": {
    "accuracy": 0.72,
    "eo_disparity": 0.7428571428571429
  },
  "meta_finetuned": {
    "accuracy": 0.72,
    "eo_disparity": 0.7428571428571429
  },
  "finetune_history": {
    "train_loss": [
      66.0,
      34.0,
      34.0,
      34.0,
      30.716684341430664,
      34.0,
      66.0,
      34.0,
      34.0,
      34.0,
      66.0,
      34.0,
      33.44538116455078,
      66.0,
      34.0,
      34.0,
      34.0,
      33.30024719238281,
      34.0,
      34.0
    ],
    "val_loss": [
      70.0,
      30.0
    ],
    "val_accuracy": [
      0.30000001192092896,
      0.699999988079071
    ],
    "val_fairness": [
      0.0,
      0.0
    ]
  }
}